Model,MSE,R2 Score
Linear Regression (dengan outlier),1249212973.3114667,0.8371369170530258
Linear Regression (tanpa outlier),317713179.19390935,0.8876598677134429
Polynomial Regression (Degree 2),667065978.5804327,0.7641322891681163
Polynomial Regression (Degree 3),448018347.32792133,0.841585292327753
KNN Regression (K=3),577600362.8174603,0.7957664163245993
KNN Regression (K=5),522991955.8417856,0.8150753907875732
KNN Regression (K=7),500323340.6246356,0.8230907813946258
